bytes, rep, ns, cycles, cyc_per_access, ghz, l1_hit_pct, l2_hit_pct, l3_hit_pct, dram_pct
4096, 1, 6.419, 1002448991, 5.01, 0.78, 99.99, 0.01, 0.00, 0.00
4096, 2, 6.412, 1002593766, 5.01, 0.78, 99.99, 0.01, 0.00, 0.00
4096, 3, 6.405, 1001924114, 5.01, 0.78, 99.99, 0.01, 0.00, 0.00
4096, 4, 6.408, 1002229793, 5.01, 0.78, 99.99, 0.01, 0.00, 0.00
4096, 5, 6.420, 1001848528, 5.01, 0.78, 99.99, 0.01, 0.00, 0.00
8192, 1, 6.640, 1004339204, 5.02, 0.76, 99.95, 0.05, 0.00, 0.00
8192, 2, 6.700, 1005183039, 5.03, 0.75, 99.93, 0.07, 0.00, 0.00
8192, 3, 6.418, 1002881752, 5.01, 0.78, 99.98, 0.02, 0.00, 0.00
8192, 4, 6.411, 1002545126, 5.01, 0.78, 99.97, 0.02, 0.00, 0.00
8192, 5, 6.414, 1003278111, 5.02, 0.78, 99.97, 0.02, 0.00, 0.00
16384, 1, 6.434, 1004561239, 5.02, 0.78, 99.91, 0.08, 0.00, 0.00
16384, 2, 6.427, 1005352533, 5.03, 0.78, 99.91, 0.08, 0.00, 0.00
16384, 3, 6.426, 1005081620, 5.03, 0.78, 99.92, 0.08, 0.00, 0.00
16384, 4, 6.428, 1005883339, 5.03, 0.78, 99.91, 0.09, 0.00, 0.00
16384, 5, 6.429, 1005568828, 5.03, 0.78, 99.91, 0.09, 0.00, 0.00
32768, 1, 6.498, 1014788673, 5.07, 0.78, 99.67, 0.33, 0.00, 0.00
32768, 2, 6.499, 1014643149, 5.07, 0.78, 99.66, 0.34, 0.00, 0.00
32768, 3, 6.490, 1014781680, 5.07, 0.78, 99.66, 0.33, 0.00, 0.00
32768, 4, 6.487, 1014302186, 5.07, 0.78, 99.67, 0.33, 0.00, 0.00
32768, 5, 6.491, 1014060984, 5.07, 0.78, 99.66, 0.33, 0.00, 0.00
65536, 1, 28.360, 4424611196, 22.12, 0.78, 0.01, 99.97, 0.00, 0.01
65536, 2, 28.808, 4430869681, 22.15, 0.77, 0.04, 99.92, 0.00, 0.01
65536, 3, 28.362, 4426562552, 22.13, 0.78, 0.03, 99.94, 0.00, 0.01
65536, 4, 28.333, 4424807857, 22.12, 0.78, 0.04, 99.90, 0.00, 0.01
65536, 5, 28.337, 4423304413, 22.12, 0.78, 0.01, 99.99, 0.00, 0.01
131072, 1, 28.876, 4428475307, 22.14, 0.77, 0.05, 99.91, 0.00, 0.01
131072, 2, 28.342, 4428027980, 22.14, 0.78, 0.06, 99.90, 0.00, 0.01
131072, 3, 28.367, 4427618537, 22.14, 0.78, 0.05, 99.87, 0.00, 0.01
131072, 4, 28.316, 4420785980, 22.10, 0.78, 0.06, 99.91, 0.00, 0.01
131072, 5, 28.672, 4428438164, 22.14, 0.77, 0.06, 99.90, 0.00, 0.01
262144, 1, 31.463, 4884600758, 24.42, 0.78, 0.08, 99.87, 0.00, 0.02
262144, 2, 31.306, 4888513986, 24.44, 0.78, 0.09, 99.85, 0.01, 0.02
262144, 3, 31.346, 4891901512, 24.46, 0.78, 0.08, 99.86, 0.01, 0.03
262144, 4, 31.526, 4883320480, 24.42, 0.77, 0.09, 99.89, 0.01, 0.02
262144, 5, 31.701, 4904711936, 24.52, 0.77, 0.08, 99.84, 0.02, 0.03
524288, 1, 36.187, 5646870833, 28.23, 0.78, 0.17, 99.41, 0.41, 0.05
524288, 2, 36.191, 5647804379, 28.24, 0.78, 0.15, 99.39, 0.39, 0.06
524288, 3, 36.639, 5638314321, 28.19, 0.77, 0.17, 99.43, 0.33, 0.06
524288, 4, 36.114, 5640083755, 28.20, 0.78, 0.17, 99.50, 0.34, 0.05
524288, 5, 35.961, 5612816142, 28.06, 0.78, 0.16, 99.65, 0.21, 0.05
1048576, 1, 41.525, 6416511873, 32.08, 0.77, 0.28, 95.91, 3.60, 0.13
1048576, 2, 42.012, 6521878258, 32.61, 0.78, 0.29, 94.96, 4.50, 0.12
1048576, 3, 42.142, 6562095517, 32.81, 0.78, 0.28, 94.74, 4.82, 0.11
1048576, 4, 45.399, 6989027708, 34.95, 0.77, 0.28, 91.73, 7.87, 0.16
1048576, 5, 43.009, 6701007586, 33.51, 0.78, 0.28, 93.68, 5.85, 0.14
2097152, 1, 79.124, 12270366337, 61.35, 0.78, 0.51, 51.18, 47.82, 0.19
2097152, 2, 80.813, 12522748970, 62.61, 0.77, 0.51, 49.27, 49.36, 0.33
2097152, 3, 79.620, 12299279883, 61.50, 0.77, 0.51, 50.73, 47.95, 0.22
2097152, 4, 79.293, 12330850289, 61.65, 0.78, 0.51, 50.98, 47.89, 0.30
2097152, 5, 80.792, 12487108485, 62.44, 0.77, 0.54, 49.58, 49.20, 0.26
4194304, 1, 114.021, 17649183750, 88.25, 0.77, 0.97, 17.77, 75.19, 5.18
4194304, 2, 114.193, 17689362011, 88.45, 0.77, 1.05, 17.98, 74.82, 5.44
4194304, 3, 116.008, 17967849381, 89.84, 0.77, 1.05, 17.78, 73.76, 6.72
4194304, 4, 117.052, 18109467250, 90.55, 0.77, 0.92, 17.22, 74.30, 6.74
4194304, 5, 113.473, 17582301570, 87.91, 0.77, 1.05, 18.10, 75.03, 5.08
8388608, 1, 164.802, 25558679531, 127.79, 0.78, 1.57, 10.34, 51.18, 36.17
8388608, 2, 165.742, 25698808727, 128.49, 0.78, 1.59, 10.20, 50.77, 36.63
8388608, 3, 164.819, 25572121006, 127.86, 0.78, 1.54, 10.25, 51.24, 36.12
8388608, 4, 165.354, 25563805665, 127.82, 0.77, 1.62, 10.23, 51.26, 36.06
8388608, 5, 164.998, 25589271906, 127.95, 0.78, 1.59, 10.23, 51.17, 36.18
16777216, 1, 228.889, 35538053675, 177.69, 0.78, 3.09, 5.66, 24.00, 66.39
16777216, 2, 229.746, 35662737089, 178.31, 0.78, 3.08, 5.55, 23.66, 66.85
16777216, 3, 228.819, 35586021579, 177.93, 0.78, 3.12, 5.59, 23.83, 66.67
16777216, 4, 229.883, 35687748499, 178.44, 0.78, 3.04, 5.55, 23.59, 66.93
16777216, 5, 232.409, 36048115422, 180.24, 0.78, 3.10, 5.32, 22.65, 67.90
33554432, 1, 268.590, 41761959756, 208.81, 0.78, 5.89, 2.56, 10.17, 80.36
33554432, 2, 262.516, 40903010141, 204.52, 0.78, 5.82, 2.90, 11.56, 78.83
33554432, 3, 262.613, 40946057056, 204.73, 0.78, 5.78, 2.90, 11.54, 78.83
33554432, 4, 262.003, 40831272769, 204.16, 0.78, 5.89, 2.93, 11.70, 78.62
33554432, 5, 263.030, 40980871151, 204.90, 0.78, 5.72, 2.89, 11.49, 79.02
